Назва;Модель;Ціна(грн);Посилання на товар
Смартфон Samsung Galaxy A53 5G 6/128Gb Black (SM-A536EZKDSEK);SM-A536EZKD;15999;https://comfy.ua/ua/smartfon-samsung-galaxy-a53-5g-6-128gb-black-sm-a536ezkdsek.html
Смартфон Samsung Galaxy M32 6/128Gb Black (SM-M325FZKGSEK);SM-M325FZKG;8555;https://comfy.ua/ua/smartfon-samsung-galaxy-m32-6-128gb-black-sm-m325fzkgsek.html
Смартфон Samsung Galaxy S21FE 6/128Gb Gray (SM-G990BZAFSEK);SM-G990BZAF;24999;https://comfy.ua/ua/smartfon-samsung-galaxy-s21fe-6-128gb-gray-sm-g990bzafsek.html
Смартфон Samsung Galaxy M13 4/64Gb Deep Green (SM-M135FZGDSEK);SM-M135FZGD;7299;https://comfy.ua/ua/smartfon-samsung-galaxy-m13-4-64gb-deep-green-sm-m135fzgdsek.html
Смартфон Samsung Galaxy A03s 3/32Gb Black (SM-A037FZKDSEK);SM-A037FZKD;5099;https://comfy.ua/ua/smartfon-samsung-galaxy-a03s-3-32gb-black-sm-a037fzkdsek.html
Смартфон Samsung Galaxy A13 4/64Gb Black (SM-A135FZKVSEK);SM-A135FZKV;7599;https://comfy.ua/ua/smartfon-samsung-galaxy-a13-4-64gb-black-sm-a135fzkvsek.html
Смартфон Samsung Galaxy M32 6/128Gb Light Blue (SM-M325FLBGSEK);SM-M325FLBG;8555;https://comfy.ua/ua/smartfon-samsung-galaxy-m32-6-128gb-light-blue-sm-m325flbgsek.html
Смартфон Samsung Galaxy M32 6/128Gb White (SM-M325FZWGSEK);SM-M325FZWG;8555;https://comfy.ua/ua/smartfon-samsung-galaxy-m32-6-128gb-white-sm-m325fzwgsek.html
Смартфон Samsung Galaxy A03 Core 2/32Gb Ceramic Black (SM-A032FCKDSEK);SM-A032FCKD;4099;https://comfy.ua/ua/smartfon-samsung-galaxy-a03-core-2-32gb-ceramic-black-sm-a032fckdsek.html
Смартфон Samsung Galaxy A03 Core 2/32Gb Light Green (SM-A032FLGDSEK);SM-A032FLGD;4099;https://comfy.ua/ua/smartfon-samsung-galaxy-a03-core-2-32gb-light-green-sm-a032flgdsek.html
Смартфон Samsung Galaxy A53 5G 8/256Gb Black (SM-A536EZKHSEK);SM-A536EZKH;17777;https://comfy.ua/ua/smartfon-samsung-galaxy-a53-5g-8-256gb-black-sm-a536ezkhsek.html
Смартфон Samsung Galaxy A13 4/128Gb Black (SM-A135FZKKSEK);SM-A135FZKK;7999;https://comfy.ua/ua/smartfon-samsung-galaxy-a13-4-128gb-black-sm-a135fzkksek.html
Смартфон Samsung Galaxy A03 Core 2/32Gb Copper (SM-A032FZCDSEK);SM-A032FZCD;4099;https://comfy.ua/ua/smartfon-samsung-galaxy-a03-core-2-32gb-copper-sm-a032fzcdsek.html
Смартфон Samsung Galaxy A53 5G 8/256Gb Orange (SM-A536EZOHSEK);SM-A536EZOH;17777;https://comfy.ua/ua/smartfon-samsung-galaxy-a53-5g-8-256gb-orange-sm-a536ezohsek.html
Смартфон Samsung Galaxy A13 3/32Gb Black (SM-A135FZKUSEK);SM-A135FZKU;6777;https://comfy.ua/ua/smartfon-samsung-galaxy-a13-3-32gb-black-sm-a135fzkusek.html
Смартфон Samsung Galaxy A13 4/128Gb White (SM-A135FZWKSEK);SM-A135FZWK;7999;https://comfy.ua/ua/smartfon-samsung-galaxy-a13-4-128gb-white-sm-a135fzwksek.html
Смартфон Samsung Galaxy A13 4/64Gb White (SM-A135FZWVSEK);SM-A135FZWV;7599;https://comfy.ua/ua/smartfon-samsung-galaxy-a13-4-64gb-white-sm-a135fzwvsek.html
Смартфон Samsung Galaxy A13 4/128Gb Light Blue (SM-A135FLBKSEK);SM-A135FLBK;7999;https://comfy.ua/ua/smartfon-samsung-galaxy-a13-4-128gb-light-blue-sm-a135flbksek.html
Смартфон Samsung Galaxy A23 6/128Gb Black (SM-A235FZKKSEK);SM-A235FZKK;9499;https://comfy.ua/ua/smartfon-samsung-galaxy-a23-6-128gb-black-sm-a235fzkksek.html
Смартфон Samsung Galaxy A33 5G 6/128Gb Black (SM-A336BZKGSEK);SM-A336BZKG;12999;https://comfy.ua/ua/smartfon-samsung-galaxy-a33-5g-6-128gb-black-sm-a336bzkgsek.html
Смартфон Samsung Galaxy M13 4/128Gb Deep Green (SM-M135FZGGSEK);SM-M135FZGG;7799;https://comfy.ua/ua/smartfon-samsung-galaxy-m13-4-128gb-deep-green-sm-m135fzggsek.html
Смартфон Samsung Galaxy S21FE 8/256Gb Gray (SM-G990BZAWSEK);SM-G990BZAW;26999;https://comfy.ua/ua/smartfon-samsung-galaxy-s21fe-8-256gb-gray-sm-g990bzawsek.html
Смартфон Samsung Galaxy A32 4/128Gb Black (SM-A325FZKGSEK);SM-A325FZKG;10399;https://comfy.ua/ua/smartfon-samsung-galaxy-a32-4-128gb-black-sm-a325flkgsek.html
Смартфон Samsung Galaxy A32 4/64Gb Black (SM-A325FZKDSEK);SM-A325FZKD;9599;https://comfy.ua/ua/smartfon-samsung-galaxy-a32-4-64gb-black-sm-a325flkdsek.html
Смартфон Samsung Galaxy A32 4/128Gb Light Violet (SM-A325FLVGSEK);SM-A325FLVG;10399;https://comfy.ua/ua/smartfon-samsung-galaxy-a32-4-128gb-light-violet-sm-a325flvgsek.html
Смартфон Samsung Galaxy S22 8/128Gb Phantom Black (SM-S901BZKDSEK);SM-S901BZKD;33199;https://comfy.ua/ua/smartfon-samsung-galaxy-s22-8-128gb-phantom-black-sm-s901bzkdsek.html
Смартфон Samsung Galaxy A33 5G 6/128Gb Orange (SM-A336BZOGSEK);SM-A336BZOG;12999;https://comfy.ua/ua/smartfon-samsung-galaxy-a33-5g-6-128gb-orange-sm-a336bzogsek.html
Смартфон Samsung Galaxy M33 5G 6/128Gb Blue (SM-M336BZBGSEK);SM-M336BZBG;11499;https://comfy.ua/ua/smartfon-samsung-galaxy-m33-5g-6-128gb-blue-sm-m336bzbgsek.html
Смартфон Samsung Galaxy A23 6/128Gb Orange (SM-A235FZOKSEK);SM-A235FZOK;9499;https://comfy.ua/ua/smartfon-samsung-galaxy-a23-6-128gb-orange-sm-a235fzoksek.html
Смартфон Samsung Galaxy S21FE 6/128Gb Light Green (SM-G990BLGFSEK);SM-G990BLGF;24999;https://comfy.ua/ua/smartfon-samsung-galaxy-s21fe-6-128gb-light-green-sm-g990blgfsek.html
Смартфон Samsung Galaxy M13 4/128Gb Orange Cooper (SM-M135FIDGSEK);SM-M135FIDG;7799;https://comfy.ua/ua/smartfon-samsung-galaxy-m13-4-128gb-orange-cooper-sm-m135fidgsek.html
Смартфон Samsung Galaxy A32 4/64Gb Blue (SM-A325FZBDSEK);SM-A325FZBD;9599;https://comfy.ua/ua/smartfon-samsung-galaxy-a32-4-64gb-blue-sm-a325flbdsek.html
Смартфон Samsung Galaxy M13 4/64Gb Light Blue (SM-M135FLBDSEK);SM-M135FLBD;7299;https://comfy.ua/ua/smartfon-samsung-galaxy-m13-4-64gb-light-blue-sm-m135flbdsek.html
Смартфон Samsung Galaxy S21FE 8/256Gb Light Violet (SM-G990BLVWSEK);SM-G990BLVW;26999;https://comfy.ua/ua/smartfon-samsung-galaxy-s21fe-8-256gb-light-violet-sm-g990blvwsek.html
Смартфон Samsung Galaxy A33 5G 6/128Gb White (SM-A336BZWGSEK);SM-A336BZWG;12999;https://comfy.ua/ua/smartfon-samsung-galaxy-a33-5g-6-128gb-white-sm-a336bzwgsek.html
Смартфон Samsung Galaxy S21FE 6/128Gb Light Violet (SM-G990BLVFSEK);SM-G990BLVF;24999;https://comfy.ua/ua/smartfon-samsung-galaxy-s21fe-6-128gb-light-violet-sm-g990blvfsek.html
Смартфон Samsung Galaxy M33 5G 6/128Gb Green (SM-M336BZGGSEK);SM-M336BZGG;11499;https://comfy.ua/ua/smartfon-samsung-galaxy-m33-5g-6-128gb-green-sm-m336bzggsek.html
Смартфон Samsung Galaxy A03 4/64Gb Black (SM-A035FZKGSEK);SM-A035FZKG;5799;https://comfy.ua/ua/smartfon-samsung-galaxy-a03-4-64gb-black-sm-a035fzkgsek.html
Смартфон Samsung Galaxy A03 4/64Gb Blue (SM-A035FZBGSEK);SM-A035FZBG;5799;https://comfy.ua/ua/smartfon-samsung-galaxy-a03-4-64gb-blue-sm-a035fzbgsek.html
Смартфон Samsung Galaxy A03 4/64Gb Red (SM-A035FZRGSEK);SM-A035FZRG;5799;https://comfy.ua/ua/smartfon-samsung-galaxy-a03-4-64gb-red-sm-a035fzrgsek.html
Смартфон Samsung Galaxy A03s 4/64Gb Blue (SM-A037FZBGSEK);SM-A037FZBG;5799;https://comfy.ua/ua/smartfon-samsung-galaxy-a03s-4-64gb-blue-sm-a037fzbgsek.html
Смартфон Samsung Galaxy A03 3/32Gb Black (SM-A035FZKDSEK);SM-A035FZKD;5099;https://comfy.ua/ua/smartfon-samsung-galaxy-a03-3-32gb-black-sm-a035fzkdsek.html
Смартфон Samsung Galaxy A03s 3/32Gb Blue (SM-A037FZBDSEK);SM-A037FZBD;5099;https://comfy.ua/ua/smartfon-samsung-galaxy-a03s-3-32gb-blue-sm-a037fzbdsek.html
Смартфон Samsung Galaxy A03 3/32Gb Blue (SM-A035FZBDSEK);SM-A035FZBD;5099;https://comfy.ua/ua/smartfon-samsung-galaxy-a03-3-32gb-blue-sm-a035fzbdsek.html
Смартфон Samsung Galaxy A03 3/32Gb Red (SM-A035FZRDSEK);SM-A035FZRD;5099;https://comfy.ua/ua/smartfon-samsung-galaxy-a03-3-32gb-red-sm-a035fzrdsek.html
Смартфон Samsung Galaxy A03s 4/64Gb Black (SM-A037FZKGSEK);SM-A037FZKG;5799;https://comfy.ua/ua/smartfon-samsung-galaxy-a03s-4-64gb-black-sm-a037fzkgsek.html
Смартфон Samsung Galaxy A73 5G 8/256Gb Light Green (SM-A736BLGHSEK);SM-A736BLGH;22999;https://comfy.ua/ua/smartfon-samsung-galaxy-a73-5g-8-256gb-light-green-sm-a736blghsek.html
Смартфон Samsung Galaxy A73 5G 8/256Gb Gray (SM-A736BZAHSEK);SM-A736BZAH;22999;https://comfy.ua/ua/smartfon-samsung-galaxy-a73-5g-8-256gb-gray-sm-a736bzahsek.html
Смартфон Samsung Galaxy A73 5G 6/128Gb Gray (SM-A736BZADSEK);SM-A736BZAD;20699;https://comfy.ua/ua/smartfon-samsung-galaxy-a73-5g-6-128gb-gray-sm-a736bzadsek.html
Смартфон Samsung Galaxy A73 5G 6/128Gb Light Green (SM-A736BLGDSEK);SM-A736BLGD;20699;https://comfy.ua/ua/smartfon-samsung-galaxy-a73-5g-6-128gb-light-green-sm-a736blgdsek.html
Смартфон Samsung Galaxy A73 5G 8/256Gb White (SM-A736BZWHSEK);SM-A736BZWH;22999;https://comfy.ua/ua/smartfon-samsung-galaxy-a73-5g-8-256gb-white-sm-a736bzwhsek.html
Смартфон Samsung Galaxy A73 5G 6/128Gb White (SM-A736BZWDSEK);SM-A736BZWD;20699;https://comfy.ua/ua/smartfon-samsung-galaxy-a73-5g-6-128gb-white-sm-a736bzwdsek.html
Смартфон Samsung Galaxy A13 3/32Gb Light Blue (SM-A135FLBUSEK);SM-A135FLBU;6777;https://comfy.ua/ua/smartfon-samsung-galaxy-a13-3-32gb-light-blue-sm-a135flbusek.html
Смартфон Samsung Galaxy A13 3/32Gb White (SM-A135FZWUSEK);SM-A135FZWU;6777;https://comfy.ua/ua/smartfon-samsung-galaxy-a13-3-32gb-white-sm-a135fzwusek.html
Смартфон Samsung Galaxy M13 4/64Gb Orange Cooper (SM-M135FIDDSEK);SM-M135FIDD;7299;https://comfy.ua/ua/smartfon-samsung-galaxy-m13-4-64gb-orange-cooper-sm-m135fiddsek.html
Смартфон Samsung Galaxy A13 4/64Gb Light Blue (SM-A135FLBVSEK);SM-A135FLBV;7599;https://comfy.ua/ua/smartfon-samsung-galaxy-a13-4-64gb-light-blue-sm-a135flbvsek.html
Смартфон Samsung Galaxy M13 4/128Gb Light Blue (SM-M135FLBGSEK);SM-M135FLBG;7799;https://comfy.ua/ua/smartfon-samsung-galaxy-m13-4-128gb-light-blue-sm-m135flbgsek.html
Смартфон Samsung Galaxy A23 4/64Gb White (SM-A235FZWUSEK);SM-A235FZWU;8777;https://comfy.ua/ua/smartfon-samsung-galaxy-a23-4-64gb-white-sm-a235fzwusek.html
Смартфон Samsung Galaxy A23 4/64Gb Black (SM-A235FZKUSEK);SM-A235FZKU;8777;https://comfy.ua/ua/smartfon-samsung-galaxy-a23-4-64gb-black-sm-a235fzkusek.html
Смартфон Samsung Galaxy A23 4/64Gb Orange (SM-A235FZOUSEK);SM-A235FZOU;8777;https://comfy.ua/ua/smartfon-samsung-galaxy-a23-4-64gb-orange-sm-a235fzousek.html
Смартфон Samsung Galaxy A23 6/128Gb White (SM-A235FZWKSEK);SM-A235FZWK;9499;https://comfy.ua/ua/smartfon-samsung-galaxy-a23-6-128gb-white-sm-a235fzwksek.html
Смартфон Samsung Galaxy A32 4/64Gb Light Violet (SM-A325FLVDSEK);SM-A325FLVD;9599;https://comfy.ua/ua/smartfon-samsung-galaxy-a32-4-64gb-light-violet-sm-a325flvdsek.html
Смартфон Samsung Galaxy M23 5G 4/64GB Light Blue (SM-M236BLBDSEK);SM-M236BLBD;10099;https://comfy.ua/ua/smartfon-samsung-galaxy-m23-5g-4-64gb-light-blue-sm-m236blbdsek.html
Смартфон Samsung Galaxy M23 5G 4/128GB Green (SM-M236BZGGSEK);SM-M236BZGG;10899;https://comfy.ua/ua/smartfon-samsung-galaxy-m23-5g-4-128gb-green-sm-m236bzggsek.html
Смартфон Samsung Galaxy M23 5G 4/128GB Light Blue (SM-M236BLBGSEK);SM-M236BLBG;10899;https://comfy.ua/ua/smartfon-samsung-galaxy-m23-5g-4-128gb-light-blue-sm-m236blbgsek.html
Смартфон Samsung Galaxy M33 5G 6/128Gb Brown (SM-M336BZNGSEK);SM-M336BZNG;11499;https://comfy.ua/ua/smartfon-samsung-galaxy-m33-5g-6-128gb-brown-sm-m336bzngsek.html
Смартфон Samsung Galaxy A33 5G 6/128Gb Light Blue (SM-A336BLBGSEK);SM-A336BLBG;12999;https://comfy.ua/ua/smartfon-samsung-galaxy-a33-5g-6-128gb-light-blue-sm-a336blbgsek.html
Смартфон Samsung Galaxy A53 5G 6/128Gb Light Blue (SM-A536ELBDSEK);SM-A536ELBD;15999;https://comfy.ua/ua/smartfon-samsung-galaxy-a53-5g-6-128gb-light-blue-sm-a536elbdsek.html
Смартфон Samsung Galaxy A53 5G 6/128Gb Orange (SM-A536EZODSEK);SM-A536EZOD;15999;https://comfy.ua/ua/smartfon-samsung-galaxy-a53-5g-6-128gb-orange-sm-a536ezodsek.html
Смартфон Samsung Galaxy A53 5G 6/128Gb White (SM-A536EZWDSEK);SM-A536EZWD;15999;https://comfy.ua/ua/smartfon-samsung-galaxy-a53-5g-6-128gb-white-sm-a536ezwdsek.html
Смартфон Samsung Galaxy M53 5G 6/128GB Blue (SM-M536BZBDSEK);SM-M536BZBD;16499;https://comfy.ua/ua/smartfon-samsung-galaxy-m53-5g-6-128gb-blue-sm-m536bzbdsek.html
Смартфон Samsung Galaxy A53 5G 8/256Gb Light Blue (SM-A536ELBHSEK);SM-A536ELBH;17777;https://comfy.ua/ua/smartfon-samsung-galaxy-a53-5g-8-256gb-light-blue-sm-a536elbhsek.html
Смартфон Samsung Galaxy A53 5G 8/256Gb White (SM-A536EZWHSEK);SM-A536EZWH;17777;https://comfy.ua/ua/smartfon-samsung-galaxy-a53-5g-8-256gb-white-sm-a536ezwhsek.html
Смартфон Samsung Galaxy S21FE 6/128Gb White (SM-G990BZWFSEK);SM-G990BZWF;24999;https://comfy.ua/ua/smartfon-samsung-galaxy-s21fe-6-128gb-white-sm-g990bzwfsek.html
Смартфон Samsung Galaxy S21FE 8/256Gb Light Green (SM-G990BLGWSEK);SM-G990BLGW;26999;https://comfy.ua/ua/smartfon-samsung-galaxy-s21fe-8-256gb-light-green-sm-g990blgwsek.html
Смартфон Samsung Galaxy S21FE 8/256Gb White (SM-G990BZWWSEK);SM-G990BZWW;26999;https://comfy.ua/ua/smartfon-samsung-galaxy-s21fe-8-256gb-white-sm-g990bzwwsek.html
Смартфон Samsung Galaxy S22 8/128Gb Phantom White (SM-S901BZWDSEK);SM-S901BZWD;33199;https://comfy.ua/ua/smartfon-samsung-galaxy-s22-8-128gb-phantom-white-sm-s901bzwdsek.html
Смартфон Samsung Galaxy S22 8/128Gb Green (SM-S901BZGDSEK);SM-S901BZGD;33199;https://comfy.ua/ua/smartfon-samsung-galaxy-s22-8-128gb-green-sm-s901bzgdsek.html
Смартфон Samsung Galaxy S22 8/128Gb Pink (SM-S901BIDDSEK);SM-S901BIDD;33199;https://comfy.ua/ua/smartfon-samsung-galaxy-s22-8-128gb-pink-sm-s901biddsek.html
Смартфон Samsung Galaxy S22 8/256Gb Phantom Black (SM-S901BZKGSEK);SM-S901BZKG;35799;https://comfy.ua/ua/smartfon-samsung-galaxy-s22-8-256gb-phantom-black-sm-s901bzkgsek.html
Смартфон Samsung Galaxy S22 8/256Gb Phantom White (SM-S901BZWGSEK);SM-S901BZWG;35799;https://comfy.ua/ua/smartfon-samsung-galaxy-s22-8-256gb-phantom-white-sm-s901bzwgsek.html
Смартфон Samsung Galaxy S22 8/256Gb Green (SM-S901BZGGSEK);SM-S901BZGG;35799;https://comfy.ua/ua/smartfon-samsung-galaxy-s22-8-256gb-green-sm-s901bzggsek.html
Смартфон Samsung Galaxy S22 8/256Gb Pink (SM-S901BIDGSEK);SM-S901BIDG;35799;https://comfy.ua/ua/smartfon-samsung-galaxy-s22-8-256gb-pink-sm-s901bidgsek.html
Смартфон Samsung Galaxy Flip 4 8/128Gb Graphite (SM-F721BZAGSEK);SM-F721BZAG;36999;https://comfy.ua/ua/smartfon-samsung-galaxy-flip-4-8-128gb-graphite-sm-f721bzagsek.html
Смартфон Samsung Galaxy S22+ 8/128Gb Phantom Black (SM-S906BZKDSEK);SM-S906BZKD;39399;https://comfy.ua/ua/smartfon-samsung-galaxy-s22-8-128gb-phantom-black-sm-s906bzkdsek.html
Смартфон Samsung Galaxy S22+ 8/128Gb Green (SM-S906BZGDSEK);SM-S906BZGD;39399;https://comfy.ua/ua/smartfon-samsung-galaxy-s22-8-128gb-green-sm-s906bzgdsek.html
Смартфон Samsung Galaxy S22+ 8/128Gb Pink (SM-S906BIDDSEK);SM-S906BIDD;39399;https://comfy.ua/ua/smartfon-samsung-galaxy-s22-8-128gb-pink-sm-s906biddsek.html
Смартфон Samsung Galaxy Flip 4 8/256Gb Bora Purple (SM-F721BLVHSEK);SM-F721BLVH;39999;https://comfy.ua/ua/smartfon-samsung-galaxy-flip-4-8-256gb-bora-purple-sm-f721blvhsek.html
Смартфон Samsung Galaxy Flip 4 8/256Gb Graphite (SM-F721BZAHSEK);SM-F721BZAH;39999;https://comfy.ua/ua/smartfon-samsung-galaxy-flip-4-8-256gb-graphite-sm-f721bzahsek.html
Смартфон Samsung Galaxy S22+ 8/256Gb Green (SM-S906BZGGSEK);SM-S906BZGG;41999;https://comfy.ua/ua/smartfon-samsung-galaxy-s22-8-256gb-green-sm-s906bzggsek.html
Смартфон Samsung Galaxy S22+ 8/256Gb Phantom Black (SM-S906BZKGSEK);SM-S906BZKG;41999;https://comfy.ua/ua/smartfon-samsung-galaxy-s22-8-256gb-phantom-black-sm-s906bzkgsek.html
Смартфон Samsung Galaxy S22+ 8/256Gb Pink (SM-S906BIDGSEK);SM-S906BIDG;41999;https://comfy.ua/ua/smartfon-samsung-galaxy-s22-8-256gb-pink-sm-s906bidgsek.html
Смартфон Samsung Galaxy S22+ 8/256Gb Phantom White (SM-S906BZWGSEK);SM-S906BZWG;41999;https://comfy.ua/ua/smartfon-samsung-galaxy-s22-8-256gb-phantom-white-sm-s906bzwgsek.html
Смартфон Samsung Galaxy S22 Ultra 8/128Gb Burgundy (SM-S908BDRDSEK);SM-S908BDRD;47699;https://comfy.ua/ua/smartfon-samsung-galaxy-s22-ultra-8-128gb-burgundy-sm-s908bdrdsek.html
Смартфон Samsung Galaxy S22 Ultra 8/128Gb Phantom White (SM-S908BZWDSEK);SM-S908BZWD;47699;https://comfy.ua/ua/smartfon-samsung-galaxy-s22-ultra-8-128gb-phantom-white-sm-s908bzwdsek.html
Смартфон Samsung Galaxy S22 Ultra 8/128Gb Phantom Black (SM-S908BZKDSEK);SM-S908BZKD;47699;https://comfy.ua/ua/smartfon-samsung-galaxy-s22-ultra-8-128gb-phantom-black-sm-s908bzkdsek.html
Смартфон Samsung Galaxy S22 Ultra 8/128Gb Green (SM-S908BZGDSEK);SM-S908BZGD;47699;https://comfy.ua/ua/smartfon-samsung-galaxy-s22-ultra-8-128gb-green-sm-s908bzgdsek.html
Смартфон Samsung Galaxy S22 Ultra 12/256Gb Burgundy (SM-S908BDRGSEK);SM-S908BDRG;50299;https://comfy.ua/ua/smartfon-samsung-galaxy-s22-ultra-12-256gb-burgundy-sm-s908bdrgsek.html
Смартфон Samsung Galaxy S22 Ultra 12/256Gb Phantom White (SM-S908BZWGSEK);SM-S908BZWG;50299;https://comfy.ua/ua/smartfon-samsung-galaxy-s22-ultra-12-256gb-phantom-white-sm-s908bzwgsek.html
Смартфон Samsung Galaxy S22 Ultra 12/256Gb Green (SM-S908BZGGSEK);SM-S908BZGG;50299;https://comfy.ua/ua/smartfon-samsung-galaxy-s22-ultra-12-256gb-green-sm-s908bzggsek.html
Смартфон Samsung Galaxy S22 Ultra 12/256Gb Green (SM-S908BZGGSEK);SM-S908BZGG;50299;https://comfy.ua/ua/smartfon-samsung-galaxy-s22-ultra-12-256gb-green-sm-s908bzggsek.html
Смартфон Samsung Galaxy S22 Ultra 12/512Gb Phantom Black (SM-S908BZKHSEK);SM-S908BZKH;54999;https://comfy.ua/ua/smartfon-samsung-galaxy-s22-ultra-12-512gb-phantom-black-sm-s908bzhgsek.html
Смартфон Samsung Galaxy S22 Ultra 12/512Gb Burgundy (SM-S908BDRHSEK);SM-S908BDRH;54999;https://comfy.ua/ua/smartfon-samsung-galaxy-s22-ultra-12-512gb-burgundy-sm-s908bdrhsek.html
Смартфон Samsung Galaxy Fold 4 12/256Gb Phantom Black (SM-F936BZKBSEK);SM-F936BZKB;68999;https://comfy.ua/ua/smartfon-samsung-galaxy-fold-4-12-256gb-phantom-black-sm-f936bzkbsek.html
Смартфон Samsung Galaxy Fold 4 12/512Gb Graygreen (SM-F936BZACSEK);SM-F936BZAC;73999;https://comfy.ua/ua/smartfon-samsung-galaxy-fold-4-12-512gb-graygreen-sm-f936bzacsek.html
Смартфон Samsung Galaxy Fold 4 12/512Gb Phantom Black (SM-F936BZKCSEK);SM-F936BZKC;73999;https://comfy.ua/ua/smartfon-samsung-galaxy-fold-4-12-512gb-phantom-black-sm-f936bzkcsek.html
Смартфон Samsung Galaxy A04e 3/32Gb Copper (SM-A042FZCDSEK);SM-A042FZCD;4299;https://comfy.ua/ua/smartfon-samsung-galaxy-a04e-3-32gb-copper-sm-a042fzcdsek.html
Смартфон Samsung Galaxy A04e 3/32Gb Light Blue (SM-A042FLBDSEK);SM-A042FLBD;4299;https://comfy.ua/ua/smartfon-samsung-galaxy-a04e-3-32gb-light-blue-sm-a042flbdsek.html
Смартфон Samsung Galaxy A04e 3/32Gb Black (SM-A042FZKDSEK);SM-A042FZKD;4299;https://comfy.ua/ua/smartfon-samsung-galaxy-a04e-3-32gb-black-sm-a042fzkdsek.html
Смартфон Samsung Galaxy A21s Blue (SM-A217FZBOSEK);SM-A217FZBO;4399;https://comfy.ua/ua/smartfon-samsung-galaxy-a21s-blue-sm-a217fzbosek.html
Смартфон Samsung Galaxy A04e 4/64Gb Black (SM-A042FZKGSEK);SM-A042FZKG;4999;https://comfy.ua/ua/smartfon-samsung-galaxy-a04e-4-64gb-black-sm-a042fzkgsek.html
Смартфон Samsung Galaxy A04e 4/64Gb Light Blue (SM-A042FLBGSEK);SM-A042FLBG;4999;https://comfy.ua/ua/smartfon-samsung-galaxy-a04e-4-64gb-light-blue-sm-a042flbgsek.html
Смартфон Samsung Galaxy A04e 4/64Gb Copper (SM-A042FZCGSEK);SM-A042FZCG;4999;https://comfy.ua/ua/smartfon-samsung-galaxy-a04e-4-64gb-copper-sm-a042fzcgsek.html
Смартфон Samsung Galaxy A30 4/64Gb Black (SM-A305);Black (SM-A;4999;https://comfy.ua/ua/smartfon-samsung-a305-galaxy-a30-4-64gb-black.html
Смартфон Samsung Galaxy A04 3/32Gb Copper (SM-A045FZCDSEK);SM-A045FZCD;5099;https://comfy.ua/ua/smartfon-samsung-galaxy-a04-3-32gb-copper-sm-a045fzcdsek.html
Смартфон Samsung Galaxy A04 3/32Gb Black (SM-A045FZKDSEK);SM-A045FZKD;5099;https://comfy.ua/ua/smartfon-samsung-galaxy-a04-3-32gb-black-sm-a045fzkdsek.html
Смартфон Samsung Galaxy A04 3/32Gb Green (SM-A045FZGDSEK);SM-A045FZGD;5099;https://comfy.ua/ua/smartfon-samsung-galaxy-a04-3-32gb-green-sm-a045fzgdsek.html
Смартфон Samsung Galaxy A04 4/64Gb Black (SM-A045FZKGSEK);SM-A045FZKG;5799;https://comfy.ua/ua/smartfon-samsung-galaxy-a04-4-64gb-black-sm-a045fzkgsek.html
Смартфон Samsung Galaxy A04 4/64Gb Green (SM-A045FZGGSEK);SM-A045FZGG;5799;https://comfy.ua/ua/smartfon-samsung-galaxy-a04-4-64gb-green-sm-a045fzggsek.html
Смартфон Samsung Galaxy A04 4/64Gb Copper (SM-A045FZCGSEK);SM-A045FZCG;5799;https://comfy.ua/ua/smartfon-samsung-galaxy-a04-4-64gb-copper-sm-a045fzcgsek.html
Смартфон Samsung Galaxy A04s 3/32Gb Green (SM-A047FZGUSEK);SM-A047FZGU;6499;https://comfy.ua/ua/smartfon-samsung-galaxy-a04s-3-32gb-green-sm-a047fzgusek.html
Смартфон Samsung Galaxy A04s 3/32Gb Copper (SM-A047FZCUSEK);SM-A047FZCU;6499;https://comfy.ua/ua/smartfon-samsung-galaxy-a04s-3-32gb-copper-sm-a047fzcusek.html
Смартфон Samsung Galaxy A04s 3/32Gb Black (SM-A047FZKUSEK);SM-A047FZKU;6499;https://comfy.ua/ua/smartfon-samsung-galaxy-a04s-3-32gb-black-sm-a047fzkusek.html
Смартфон Samsung Galaxy A04s 4/64Gb Black (SM-A047FZKVSEK);SM-A047FZKV;7099;https://comfy.ua/ua/smartfon-samsung-galaxy-a04s-4-64gb-black-sm-a047fzkvsek.html
Смартфон Samsung Galaxy A04s 4/64Gb Copper (SM-A047FZCVSEK);SM-A047FZCV;7099;https://comfy.ua/ua/smartfon-samsung-galaxy-a04s-4-64gb-copper-sm-a047fzcvsek.html
Смартфон Samsung Galaxy A04s 4/64Gb Green (SM-A047FZGVSEK);SM-A047FZGV;7099;https://comfy.ua/ua/smartfon-samsung-galaxy-a04s-4-64gb-green-sm-a047fzgvsek.html
Смартфон Samsung Galaxy A32 4/64Gb White (SM-A325FZWDSEK);SM-A325FZWD;9599;https://comfy.ua/ua/smartfon-samsung-galaxy-a32-4-64gb-white-sm-a325flwdsek.html
Смартфон Samsung Galaxy A52 4/128Gb Black (SM-A525FZKDSEK);SM-A525FZKD;11999;https://comfy.ua/ua/smartfon-samsung-galaxy-a52-4-128gb-black-sm-a525flkdsek.html
Смартфон Samsung Galaxy A52 4/128Gb Light Violet (SM-A525FLVDSEK);SM-A525FLVD;11999;https://comfy.ua/ua/smartfon-samsung-galaxy-a52-4-128gb-light-violet-sm-a525flvdsek.html
Смартфон Samsung Galaxy A52 8/256Gb Black (SM-A525FZKISEK);SM-A525FZKI;13999;https://comfy.ua/ua/smartfon-samsung-galaxy-a52-8-256gb-black-sm-a525fzkisek.html
Смартфон Samsung Galaxy M53 5G 6/128GB Brown (SM-M536BZNDSEK);SM-M536BZND;16499;https://comfy.ua/ua/smartfon-samsung-galaxy-m53-5g-6-128gb-brown-sm-m536bzndsek.html
Смартфон Samsung Galaxy M53 5G 6/128GB Green (SM-M536BZGDSEK);SM-M536BZGD;16499;https://comfy.ua/ua/smartfon-samsung-galaxy-m53-5g-6-128gb-green-sm-m536bzgdsek.html
Смартфон Samsung Galaxy S20FE 6/128Gb Blue (SM-G780GZBDSEK);SM-G780GZBD;18999;https://comfy.ua/ua/smartfon-samsung-galaxy-s20fe-6-128gb-blue-sm-g780gzbdsek.html
Смартфон Samsung Galaxy S21+ 8/128Gb Phantom Silver (SM-G996BZSDSEK);SM-G996BZSD;31999;https://comfy.ua/ua/smartfon-samsung-galaxy-s21-8-128gb-phantom-silver-sm-g996bzsdsek.html
Смартфон Samsung Galaxy S22 8/128Gb Light Violet (SM-S901BLVDSEK);SM-S901BLVD;36899;https://comfy.ua/ua/smartfon-samsung-galaxy-s22-8-128gb-light-violet-sm-s901blvdsek.html
Смартфон Samsung Galaxy S22+ 8/128Gb Phantom White (SM-S906BZWDSEK);SM-S906BZWD;39399;https://comfy.ua/ua/smartfon-samsung-galaxy-s22-8-128gb-phantom-white-sm-s906bzwdsek.html
Смартфон Samsung Galaxy S22 8/256Gb Light Violet (SM-S901BLVGSEK);SM-S901BLVG;39799;https://comfy.ua/ua/smartfon-samsung-galaxy-s22-8-256gb-light-violet-sm-s901blvgsek.html
Смартфон Samsung Galaxy Flip 4 8/256Gb Blue (SM-F721BLBHSEK);SM-F721BLBH;39999;https://comfy.ua/ua/smartfon-samsung-galaxy-flip-4-8-256gb-blue-sm-f721blbhsek.html
Смартфон Samsung Galaxy Fold 3 12/256Gb Phantom Silver (SM-F926BZSDSEK);SM-F926BZSD;45999;https://comfy.ua/ua/smartfon-samsung-galaxy-z-fold-3-12-256gb-phantom-silver-sm-f926bzsdsek.html
Смартфон Samsung Galaxy Fold 3 12/512Gb Phantom Silver (SM-F926BZSGSEK);SM-F926BZSG;45999;https://comfy.ua/ua/smartfon-samsung-galaxy-z-fold-3-12-512gb-phantom-silver-sm-f926bzsgsek.html
Смартфон Samsung Galaxy S22 Ultra 12/512Gb Green (SM-S908BZGHSEK);SM-S908BZGH;54999;https://comfy.ua/ua/smartfon-samsung-galaxy-s22-ultra-12-512gb-green-sm-s908bzghsek.html
Смартфон Samsung Galaxy Fold 3 12/512Gb Phantom Green (SM-F926BZGGSEK);SM-F926BZGG;59999;https://comfy.ua/ua/smartfon-samsung-galaxy-z-fold-3-12-512gb-phantom-green-sm-f926bzggsek.html
